{"min": [-0.12278350199011592, -0.14624006350997043, -0.15833975489005941, -0.15833975489005941, -0.15833975489005941, -0.15833975489005941, -0.14624006350997043, -0.14624006350997043], "scale": [0.020463916998352653, 0.02089143764428149, 0.02111196731867459, 0.02111196731867459, 0.02111196731867459, 0.02111196731867459, 0.02089143764428149, 0.02089143764428149], "data_min": [6.0, 7.0, 7.5, 7.5, 7.5, 7.5, 7.0, 7.0], "data_max": [54.8665, 54.8665, 54.8665, 54.8665, 54.8665, 54.8665, 54.8665, 54.8665], "data_range": [48.8665, 47.8665, 47.3665, 47.3665, 47.3665, 47.3665, 47.8665, 47.8665]}