{"min": [-5.2174917491749175, -5.217821782178218, -5.2181518151815185, -5.218481848184818, -5.218811881188119, -5.219141914191419, -5.2194719471947195, -5.21980198019802], "scale": [3.819826427087153e-18, 3.819826427087153e-18, 3.819826427087153e-18, 3.819826427087153e-18, 3.819826427087153e-18, 3.819826427087153e-18, 3.819826427087153e-18, 3.819826427087153e-18], "data_min": [1.1041056e+18, 1.104192e+18, 1.1042784e+18, 1.1043648e+18, 1.1044512e+18, 1.1045376e+18, 1.104624e+18, 1.1047104e+18], "data_max": [1.6276896e+18, 1.627776e+18, 1.6278624e+18, 1.6279488e+18, 1.6280352e+18, 1.6281216e+18, 1.628208e+18, 1.6282944e+18], "data_range": [5.23584e+17, 5.23584e+17, 5.23584e+17, 5.23584e+17, 5.23584e+17, 5.23584e+17, 5.23584e+17, 5.23584e+17]}