{"min": [-0.12, -0.14285714285714285, -0.14285714285714285, -0.14624006350997043, -0.14624006350997043, -0.14624006350997043], "scale": [0.02, 0.02040816326530612, 0.02040816326530612, 0.02089143764428149, 0.02089143764428149, 0.02089143764428149], "data_min": [6.0, 7.0, 7.0, 7.0, 7.0, 7.0], "data_max": [56.0, 56.0, 56.0, 54.8665, 54.8665, 54.8665], "data_range": [50.0, 49.0, 49.0, 47.8665, 47.8665, 47.8665]}