{"min": [-5.189149319783642, -5.1894771348959186, -5.189804950008195, -5.190132765120472, -5.190460580232749, -5.190788395345025], "scale": [3.7941563920911566e-18, 3.7941563920911566e-18, 3.7941563920911566e-18, 3.7941563920911566e-18, 3.7941563920911566e-18, 3.7941563920911566e-18], "data_min": [1.1041056e+18, 1.104192e+18, 1.1042784e+18, 1.1043648e+18, 1.1044512e+18, 1.1045376e+18], "data_max": [1.631232e+18, 1.6313184e+18, 1.6314048e+18, 1.6314912e+18, 1.6315776e+18, 1.631664e+18], "data_range": [5.271264e+17, 5.271264e+17, 5.271264e+17, 5.271264e+17, 5.271264e+17, 5.271264e+17]}