{"min": [-0.12278350199011592, -0.17069761983506343, -0.17069761983506343, -0.15833975489005941, -0.15833975489005941, -0.15833975489005941, -0.15833975489005941, -0.15833975489005941, -0.15833975489005941, -0.15833975489005941], "scale": [0.020463916998352653, 0.02133720247938293, 0.02133720247938293, 0.02111196731867459, 0.02111196731867459, 0.02111196731867459, 0.02111196731867459, 0.02111196731867459, 0.02111196731867459, 0.02111196731867459], "data_min": [6.0, 8.0, 8.0, 7.5, 7.5, 7.5, 7.5, 7.5, 7.5, 7.5], "data_max": [54.8665, 54.8665, 54.8665, 54.8665, 54.8665, 54.8665, 54.8665, 54.8665, 54.8665, 54.8665], "data_range": [48.8665, 46.8665, 46.8665, 47.3665, 47.3665, 47.3665, 47.3665, 47.3665, 47.3665, 47.3665]}