{"min": [-5.2202774108322325, -5.220607661822985, -5.220937912813738, -5.221268163804491, -5.221598414795244, -5.221928665785997, -5.22225891677675, -5.222589167767503, -5.222919418758256, -5.223249669749009], "scale": [3.822349430011253e-18, 3.822349430011253e-18, 3.822349430011253e-18, 3.822349430011253e-18, 3.822349430011253e-18, 3.822349430011253e-18, 3.822349430011253e-18, 3.822349430011253e-18, 3.822349430011253e-18, 3.822349430011253e-18], "data_min": [1.1041056e+18, 1.104192e+18, 1.1042784e+18, 1.1043648e+18, 1.1044512e+18, 1.1045376e+18, 1.104624e+18, 1.1047104e+18, 1.1047968e+18, 1.1048832e+18], "data_max": [1.627344e+18, 1.6274304e+18, 1.6275168e+18, 1.6276032e+18, 1.6276896e+18, 1.627776e+18, 1.6278624e+18, 1.6279488e+18, 1.6280352e+18, 1.6281216e+18], "data_range": [5.232384e+17, 5.232384e+17, 5.232384e+17, 5.232384e+17, 5.232384e+17, 5.232384e+17, 5.232384e+17, 5.232384e+17, 5.232384e+17, 5.232384e+17]}