{"min": [-0.13043478260869565, -0.13043478260869565, -0.18181818181818182, -0.17069761983506343, -0.15833975489005941, -0.15833975489005941, -0.15833975489005941, -0.15833975489005941, -0.15833975489005941, -0.15833975489005941, -0.15833975489005941, -0.15833975489005941], "scale": [0.021739130434782608, 0.021739130434782608, 0.022727272727272728, 0.02133720247938293, 0.02111196731867459, 0.02111196731867459, 0.02111196731867459, 0.02111196731867459, 0.02111196731867459, 0.02111196731867459, 0.02111196731867459, 0.02111196731867459], "data_min": [6.0, 6.0, 8.0, 8.0, 7.5, 7.5, 7.5, 7.5, 7.5, 7.5, 7.5, 7.5], "data_max": [52.0, 52.0, 52.0, 54.8665, 54.8665, 54.8665, 54.8665, 54.8665, 54.8665, 54.8665, 54.8665, 54.8665], "data_range": [46.0, 46.0, 44.0, 46.8665, 47.3665, 47.3665, 47.3665, 47.3665, 47.3665, 47.3665, 47.3665, 47.3665]}