{"min": [-5.278205557415467, -5.278540341479746, -5.278875125544024, -5.279209909608303, -5.279544693672581, -5.27987947773686, -5.280214261801139, -5.280549045865417, -5.280883829929696, -5.281218613993974, -5.281553398058253, -5.281888182122532], "scale": [3.8748155587794024e-18, 3.8748155587794024e-18, 3.8748155587794024e-18, 3.8748155587794024e-18, 3.8748155587794024e-18, 3.8748155587794024e-18, 3.8748155587794024e-18, 3.8748155587794024e-18, 3.8748155587794024e-18, 3.8748155587794024e-18, 3.8748155587794024e-18, 3.8748155587794024e-18], "data_min": [1.1041056e+18, 1.104192e+18, 1.1042784e+18, 1.1043648e+18, 1.1044512e+18, 1.1045376e+18, 1.104624e+18, 1.1047104e+18, 1.1047968e+18, 1.1048832e+18, 1.1049696e+18, 1.105056e+18], "data_max": [1.6202592e+18, 1.6203456e+18, 1.620432e+18, 1.6205184e+18, 1.6206048e+18, 1.6206912e+18, 1.6207776e+18, 1.620864e+18, 1.6209504e+18, 1.6210368e+18, 1.6211232e+18, 1.6212096e+18], "data_range": [5.161536e+17, 5.161536e+17, 5.161536e+17, 5.161536e+17, 5.161536e+17, 5.161536e+17, 5.161536e+17, 5.161536e+17, 5.161536e+17, 5.161536e+17, 5.161536e+17, 5.161536e+17]}